Hand,Battles,Winrate
LurkerBurrowed/WidowMineBurrowed,4,0.0
SiegeTank/Zealot,4,0.0
LurkerBurrowed/Ultralisk,2,0.0
Lurker/WidowMineBurrowed,1,0.0
Cyclone/WidowMineBurrowed,7,0.0
Lurker/Viking,1,0.0
LurkerBurrowed/ThorAP,3,0.0
Battlecruiser/LiberatorAG,5,0.0
WidowMineBurrowed/Zealot,8,0.0
LurkerBurrowed/Marauder,5,0.0
LurkerBurrowed/Marine,3,0.0
HighTemplar/SiegeTankSieged,2,0.0
LurkerBurrowed/Reaper,2,0.0
SiegeTankSieged/Stalker,7,0.0
Cyclone/SiegeTankSieged,7,0.0
Adept/SiegeTankSieged,4,0.0
Reaper/WidowMineBurrowed,5,0.0
Mothership/Viking,2,0.0
Mothership/SiegeTankSieged,4,0.0
Ghost/LurkerBurrowed,2,0.0
Reaper/SiegeTank,4,0.0
Oracle/Viking,6,0.0
Infestor/SiegeTankSieged,4,0.0
LurkerBurrowed/Stalker,1,0.0
Hydralisk/Viking,4,0.0
Baneling/WidowMineBurrowed,3,0.0
Banshee/Lurker,3,0.0
HighTemplar/WidowMine,1,0.0
DarkTemplar/WidowMine,1,0.0
Baneling/SiegeTankSieged,6,0.0
Hydralisk/LurkerBurrowed,3,0.0
Ultralisk/WidowMineBurrowed,3,0.0
Archon/WidowMineBurrowed,7,0.0
Adept/WidowMineBurrowed,5,0.0
SiegeTankSieged/SwarmHostBurrowed,2,0.0
Colossus/SiegeTankSieged,7,0.0
LurkerBurrowed/Oracle,2,0.0
Hydralisk/SiegeTankSieged,9,0.0
Mothership/Roach,5,0.0
SiegeTankSieged/VikingAssault,2,0.0
LurkerBurrowed/SiegeTankSieged,5,0.0
Carrier/SwarmHost,1,0.0
SiegeTankSieged/Zealot,3,0.0
Baneling/LurkerBurrowed,3,0.0
Ghost/Viking,4,0.0
LiberatorAG/WidowMineBurrowed,1,0.0
Marine/SiegeTankSieged,6,0.0
Adept/LurkerBurrowed,5,0.0
LurkerBurrowed/VikingAssault,2,0.0
Adept/Viking,4,0.0
Roach/SiegeTankSieged,2,0.0
Immortal/Lurker,3,0.0
BattleHellion/LurkerBurrowed,2,0.0
LiberatorAG/Phoenix,4,0.0
LurkerBurrowed/Phoenix,3,0.0
Medivac/Zealot,2,0.0
BattleHellion/WidowMineBurrowed,4,0.0
Adept/SiegeTank,1,0.0
Roach/WidowMineBurrowed,4,0.0
SiegeTank/Viking,1,0.0
WidowMine/WidowMineBurrowed,6,0.0
Phoenix/WidowMineBurrowed,4,0.0
SiegeTankSieged/Ultralisk,6,0.0
Hellion/SiegeTankSieged,3,0.0
LurkerBurrowed/Zealot,3,0.0
LurkerBurrowed/Roach,3,0.0
Marauder/VikingAssault,5,0.0
Phoenix/SCV,1,0.0
Probe/Reaper,2,0.0
Oracle/Probe,1,0.0
Drone/Hydralisk,1,0.0
SCV/ThorAP,1,0.0
HighTemplar/Overlord,2,0.0
Marine/SCV,1,0.0
Battlecruiser/SCV,1,0.0
SCV/Thor,1,0.0
Raven/SCV,1,0.0
Drone/SCV,1,0.0
Hellion/Thor,2,0.0
Adept/SCV,1,0.0
Liberator/Probe,1,0.0
Oracle/SCV,1,0.0
DarkTemplar/SCV,1,0.0
Overlord/Queen,1,0.0
BattleHellion/Probe,1,0.0
Immortal/Medivac,2,0.0
Probe/SCV,1,0.0
Overlord/Zealot,1,0.0
Drone/Ghost,1,0.0
Probe/Ultralisk,1,0.0
Infestor/SCV,1,0.0
Immortal/LurkerBurrowed,1,0.0
Drone/Marauder,1,0.0
Reaper/SiegeTankSieged,8,0.0
Archon/SCV,1,0.0
Overlord/Raven,1,0.0
Drone/Mutalisk,1,0.0
Banshee/Medivac,2,0.0
LiberatorAG/VoidRay,2,0.0
HighTemplar/Medivac,2,0.0
Corruptor/SiegeTank,2,0.0
SiegeTank/Zergling,2,0.0
Banshee/LiberatorAG,2,0.0
Viking/VikingAssault,2,0.0
Medivac/SiegeTankSieged,1,0.0
Medivac/Viking,1,0.0
BattleHellion/SiegeTankSieged,2,0.0
HighTemplar/LiberatorAG,4,0.0
SiegeTank/VoidRay,1,0.0
Viking/Zealot,2,0.0
Baneling/LiberatorAG,1,0.0
Queen/Thor,1,0.0
Viking/WidowMine,1,0.0
LurkerBurrowed/Zergling,2,0.0
LurkerBurrowed/Thor,1,0.0
Hellion/LiberatorAG,2,0.0
Hellion/Viking,11,0.045454545454545456
Oracle/SiegeTank,9,0.05555555555555555
BattleHellion/Reaper,9,0.05555555555555555
Hellion/Zergling,8,0.0625
Ravager/SiegeTankSieged,8,0.0625
Infestor/LurkerBurrowed,8,0.0625
Corruptor/Viking,7,0.07142857142857142
Cyclone/Viking,7,0.07142857142857142
Marine/WidowMineBurrowed,7,0.07142857142857142
Mothership/WidowMineBurrowed,6,0.08333333333333333
Immortal/Zergling,12,0.08333333333333333
ThorAP/Viking,6,0.08333333333333333
SiegeTankSieged/WidowMineBurrowed,6,0.08333333333333333
SiegeTankSieged/Viking,6,0.08333333333333333
Marauder/SiegeTankSieged,6,0.08333333333333333
Viking/VoidRay,6,0.08333333333333333
Phoenix/Viking,6,0.08333333333333333
SiegeTankSieged/Zergling,6,0.08333333333333333
BattleHellion/Hellion,11,0.09090909090909091
Colossus/Hydralisk,10,0.1
Adept/Reaper,5,0.1
BattleHellion/HighTemplar,15,0.1
LurkerBurrowed/Queen,5,0.1
Hydralisk/WidowMineBurrowed,5,0.1
Hellion/Reaper,5,0.1
Colossus/Viking,14,0.10714285714285714
SiegeTankSieged/ThorAP,9,0.1111111111111111
BroodLord/SiegeTankSieged,9,0.1111111111111111
Baneling/Viking,8,0.125
BattleHellion/Medivac,4,0.125
BattleHellion/Viking,8,0.125
Ghost/SiegeTankSieged,4,0.125
Tempest/Viking,8,0.125
SiegeTank/SwarmHostBurrowed,4,0.125
Mutalisk/SiegeTankSieged,4,0.125
Queen/SiegeTankSieged,8,0.125
Hellion/Marauder,8,0.125
Lurker/SiegeTank,4,0.125
LurkerBurrowed/Ravager,4,0.125
Stalker/WidowMineBurrowed,7,0.14285714285714285
Mutalisk/Viking,7,0.14285714285714285
Hydralisk/Roach,14,0.14285714285714285
Baneling/Hellion,7,0.14285714285714285
Marauder/Reaper,14,0.14285714285714285
Hydralisk/Zealot,14,0.14285714285714285
Colossus/WidowMineBurrowed,7,0.14285714285714285
Reaper/Viking,7,0.14285714285714285
Infestor/WidowMineBurrowed,7,0.14285714285714285
Raven/Viking,10,0.15
Corruptor/Mothership,10,0.15
HighTemplar/Viking,10,0.15
Immortal/Viking,10,0.15
Cyclone/Marauder,16,0.15625
SwarmHostBurrowed/Viking,6,0.16666666666666666
Thor/Zergling,6,0.16666666666666666
Marine/Viking,6,0.16666666666666666
Ravager/Viking,6,0.16666666666666666
Banshee/Thor,6,0.16666666666666666
LurkerBurrowed/Medivac,3,0.16666666666666666
Reaper/Roach,12,0.16666666666666666
Hellion/HighTemplar,12,0.16666666666666666
LiberatorAG/Zealot,3,0.16666666666666666
Hellion/Zealot,6,0.16666666666666666
Colossus/Reaper,9,0.16666666666666666
Immortal/SiegeTankSieged,3,0.16666666666666666
SiegeTank/Ultralisk,12,0.16666666666666666
Marauder/Viking,6,0.16666666666666666
Hellion/VikingAssault,6,0.16666666666666666
Hydralisk/Medivac,6,0.16666666666666666
LurkerBurrowed/Mothership,3,0.16666666666666666
Immortal/SiegeTank,3,0.16666666666666666
Viking/Zergling,6,0.16666666666666666
LiberatorAG/Ravager,3,0.16666666666666666
Medivac/Ravager,3,0.16666666666666666
WidowMineBurrowed/Zergling,6,0.16666666666666666
Adept/Lurker,3,0.16666666666666666
Ultralisk/Zealot,20,0.175
Immortal/Marauder,17,0.17647058823529413
Cyclone/Roach,14,0.17857142857142858
Adept/Medivac,8,0.1875
Medivac/Roach,8,0.1875
Hellion/SwarmHostBurrowed,8,0.1875
Colossus/Zealot,8,0.1875
HighTemplar/Reaper,21,0.19047619047619047
Adept/Colossus,13,0.19230769230769232
Cyclone/Hydralisk,18,0.19444444444444445
Archon/LurkerBurrowed,5,0.2
Stalker/Viking,10,0.2
Infestor/Mothership,5,0.2
Oracle/Roach,5,0.2
Ravager/WidowMineBurrowed,10,0.2
Hydralisk/VikingAssault,10,0.2
BroodLord/Reaper,10,0.2
Reaper/SwarmHostBurrowed,10,0.2
Hellion/WidowMineBurrowed,5,0.2
Immortal/WidowMineBurrowed,5,0.2
VoidRay/WidowMineBurrowed,5,0.2
Marine/Roach,17,0.20588235294117646
Baneling/BattleHellion,12,0.20833333333333334
Battlecruiser/Viking,12,0.20833333333333334
Ghost/SwarmHostBurrowed,12,0.20833333333333334
Marauder/SwarmHostBurrowed,12,0.20833333333333334
Roach/Ultralisk,19,0.21052631578947367
Hydralisk/Marine,19,0.21052631578947367
Banshee/LurkerBurrowed,7,0.21428571428571427
Colossus/Roach,21,0.21428571428571427
Colossus/Liberator,7,0.21428571428571427
Roach/Viking,7,0.21428571428571427
Adept/Zergling,7,0.21428571428571427
SwarmHostBurrowed/Zergling,9,0.2222222222222222
Phoenix/Zergling,18,0.2222222222222222
Cyclone/Zergling,9,0.2222222222222222
Marauder/Roach,9,0.2222222222222222
Adept/Zealot,9,0.2222222222222222
Marine/Reaper,9,0.2222222222222222
Colossus/Tempest,22,0.22727272727272727
Reaper/Zergling,11,0.22727272727272727
Ravager/SwarmHostBurrowed,11,0.22727272727272727
Immortal/Reaper,11,0.22727272727272727
Banshee/Marauder,11,0.22727272727272727
Colossus/Hellion,13,0.23076923076923078
Mutalisk/Reaper,13,0.23076923076923078
Ultralisk/Viking,15,0.23333333333333334
Reaper/Ultralisk,15,0.23333333333333334
Hydralisk/Mutalisk,21,0.23809523809523808
Marauder/Ravager,10,0.25
Marauder/Zergling,6,0.25
Liberator/Lurker,4,0.25
BattleHellion/Ultralisk,10,0.25
Mothership/ThorAP,8,0.25
Adept/Hellion,8,0.25
Banshee/Ravager,16,0.25
Hellion/Hydralisk,12,0.25
Marine/Mothership,10,0.25
Banshee/Mothership,8,0.25
Lurker/Queen,4,0.25
Cyclone/Ravager,20,0.25
Roach/Zergling,10,0.25
Liberator/Reaper,10,0.25
Adept/Roach,14,0.25
Cyclone/Zealot,10,0.25
Marauder/Medivac,6,0.25
Infestor/Viking,8,0.25
Hydralisk/SwarmHostBurrowed,10,0.25
Liberator/WidowMineBurrowed,2,0.25
SwarmHostBurrowed/Zealot,8,0.25
Cyclone/LurkerBurrowed,4,0.25
Hydralisk/Zergling,8,0.25
ThorAP/WidowMineBurrowed,6,0.25
BattleHellion/Oracle,8,0.25
LiberatorAG/Mutalisk,4,0.25
BattleHellion/Cyclone,10,0.25
HighTemplar/LurkerBurrowed,8,0.25
Immortal/VikingAssault,8,0.25
Hellion/SiegeTank,4,0.25
Lurker/Ultralisk,4,0.25
Ghost/LiberatorAG,6,0.25
Immortal/Zealot,8,0.25
Ravager/Reaper,8,0.25
BattleHellion/Zealot,12,0.25
Mothership/Ultralisk,4,0.25
LiberatorAG/Marine,4,0.25
LurkerBurrowed/Viking,2,0.25
Liberator/Viking,4,0.25
Banshee/Marine,8,0.25
BattleHellion/Mothership,4,0.25
Marauder/SiegeTank,2,0.25
Marauder/WidowMineBurrowed,6,0.25
BroodLord/Overlord,2,0.25
Medivac/ThorAP,2,0.25
Battlecruiser/Lurker,4,0.25
BroodLord/SiegeTank,2,0.25
Ghost/Roach,19,0.2631578947368421
Hellion/Phoenix,17,0.2647058823529412
Hydralisk/Immortal,15,0.26666666666666666
Baneling/Marauder,13,0.2692307692307692
Cyclone/Hellion,13,0.2692307692307692
Roach/Zealot,13,0.2692307692307692
BattleHellion/Immortal,11,0.2727272727272727
Hellion/Stalker,11,0.2727272727272727
Ravager/Zergling,11,0.2727272727272727
Roach/SwarmHostBurrowed,11,0.2727272727272727
BattleHellion/Marauder,11,0.2727272727272727
Corruptor/Stalker,20,0.275
Oracle/Reaper,9,0.2777777777777778
Liberator/Zergling,9,0.2777777777777778
BroodLord/Viking,9,0.2777777777777778
Reaper/Stalker,16,0.28125
BroodLord/Zealot,21,0.2857142857142857
Ravager/Roach,7,0.2857142857142857
Infestor/Thor,7,0.2857142857142857
Reaper/VikingAssault,7,0.2857142857142857
Queen/Roach,19,0.2894736842105263
Marauder/ThorAP,12,0.2916666666666667
BroodLord/Marauder,12,0.2916666666666667
Medivac/Ultralisk,12,0.2916666666666667
Banshee/Roach,17,0.29411764705882354
Oracle/Zergling,17,0.29411764705882354
Adept/Ultralisk,17,0.29411764705882354
Infestor/Reaper,17,0.29411764705882354
BattleHellion/Stalker,17,0.29411764705882354
Archon/Ravager,22,0.29545454545454547
Zealot/Zergling,10,0.3
Adept/Banshee,15,0.3
Adept/Baneling,10,0.3
Mothership/Reaper,5,0.3
HighTemplar/Zergling,15,0.3
Colossus/LurkerBurrowed,5,0.3
Mothership/Zergling,5,0.3
Hellion/Tempest,15,0.3
Marauder/Mothership,5,0.3
Adept/SwarmHostBurrowed,10,0.3
Mothership/Zealot,10,0.3
Oracle/WidowMineBurrowed,5,0.3
HighTemplar/Marauder,18,0.3055555555555556
Adept/Mutalisk,18,0.3055555555555556
Banshee/Colossus,18,0.3055555555555556
Corruptor/Hydralisk,13,0.3076923076923077
Corruptor/SwarmHostBurrowed,13,0.3076923076923077
Corruptor/SiegeTankSieged,13,0.3076923076923077
Adept/Hydralisk,13,0.3076923076923077
Banshee/Hellion,13,0.3076923076923077
Marauder/Queen,21,0.30952380952380953
Colossus/Ravager,16,0.3125
Hydralisk/Thor,8,0.3125
Archon/SwarmHostBurrowed,16,0.3125
Liberator/SiegeTank,8,0.3125
Hellion/VoidRay,19,0.3157894736842105
Immortal/Stalker,30,0.31666666666666665
BroodLord/Immortal,25,0.32
Colossus/Oracle,14,0.32142857142857145
Hellion/Ultralisk,14,0.32142857142857145
Corruptor/Zealot,17,0.3235294117647059
Marauder/Stalker,17,0.3235294117647059
Hydralisk/Stalker,29,0.3275862068965517
Lurker/Medivac,3,0.3333333333333333
BattleHellion/Hydralisk,21,0.3333333333333333
Liberator/SwarmHostBurrowed,15,0.3333333333333333
LurkerBurrowed/Mutalisk,9,0.3333333333333333
Banshee/Reaper,9,0.3333333333333333
Ghost/WidowMineBurrowed,3,0.3333333333333333
Phoenix/SiegeTankSieged,12,0.3333333333333333
Carrier/Lurker,3,0.3333333333333333
Hydralisk/Lurker,3,0.3333333333333333
Queen/WidowMineBurrowed,12,0.3333333333333333
Corruptor/Cyclone,21,0.3333333333333333
Archon/Lurker,6,0.3333333333333333
BattleHellion/Roach,9,0.3333333333333333
Liberator/LurkerBurrowed,3,0.3333333333333333
Banshee/Viking,3,0.3333333333333333
LurkerBurrowed/SwarmHostBurrowed,3,0.3333333333333333
Roach/Tempest,30,0.3333333333333333
Banshee/WidowMineBurrowed,3,0.3333333333333333
Adept/Immortal,12,0.3333333333333333
LiberatorAG/LurkerBurrowed,3,0.3333333333333333
Adept/LiberatorAG,6,0.3333333333333333
Marine/SiegeTank,3,0.3333333333333333
Hydralisk/LiberatorAG,3,0.3333333333333333
Colossus/SiegeTank,3,0.3333333333333333
Archon/LiberatorAG,3,0.3333333333333333
Corruptor/Thor,3,0.3333333333333333
Baneling/Colossus,22,0.3409090909090909
BroodLord/Oracle,19,0.34210526315789475
BattleHellion/Ravager,16,0.34375
Adept/Liberator,13,0.34615384615384615
Colossus/SwarmHostBurrowed,13,0.34615384615384615
Queen/Viking,10,0.35
Corruptor/Medivac,10,0.35
Marauder/Phoenix,10,0.35
Stalker/Zealot,17,0.35294117647058826
Banshee/Cyclone,17,0.35294117647058826
Baneling/Zealot,17,0.35294117647058826
Marine/VoidRay,17,0.35294117647058826
Roach/Stalker,14,0.35714285714285715
Adept/Infestor,21,0.35714285714285715
BroodLord/Zergling,7,0.35714285714285715
Mothership/SwarmHostBurrowed,7,0.35714285714285715
Adept/Archon,21,0.35714285714285715
Baneling/Banshee,21,0.35714285714285715
SiegeTankSieged/VoidRay,14,0.35714285714285715
Mutalisk/Zergling,14,0.35714285714285715
Corruptor/Infestor,36,0.3611111111111111
Adept/Marine,11,0.36363636363636365
Baneling/Hydralisk,11,0.36363636363636365
Mothership/Queen,11,0.36363636363636365
Cyclone/Immortal,22,0.36363636363636365
Colossus/VoidRay,22,0.36363636363636365
Banshee/Phoenix,33,0.36363636363636365
DarkTemplar/Viking,11,0.36363636363636365
BroodLord/Colossus,26,0.36538461538461536
Corruptor/Zergling,26,0.36538461538461536
Hellion/Oracle,15,0.36666666666666664
Corruptor/Roach,15,0.36666666666666664
Colossus/Cyclone,15,0.36666666666666664
Baneling/Ultralisk,19,0.3684210526315789
Corruptor/Ultralisk,23,0.3695652173913043
BattleHellion/Queen,23,0.3695652173913043
Marine/Stalker,27,0.37037037037037035
Hellion/Ravager,8,0.375
Adept/BroodLord,24,0.375
Colossus/Queen,20,0.375
Baneling/Roach,12,0.375
Banshee/Zealot,20,0.375
Lurker/VoidRay,4,0.375
Ravager/Ultralisk,20,0.375
Mothership/Mutalisk,8,0.375
Mutalisk/WidowMineBurrowed,8,0.375
Banshee/HighTemplar,16,0.375
Mothership/Oracle,8,0.375
Mutalisk/SiegeTank,4,0.375
Hellion/Marine,8,0.375
BroodLord/Hydralisk,12,0.375
BroodLord/Mothership,4,0.375
Hydralisk/Mothership,4,0.375
BroodLord/WidowMineBurrowed,4,0.375
Battlecruiser/Zealot,21,0.38095238095238093
Corruptor/Phoenix,21,0.38095238095238093
Cyclone/Phoenix,21,0.38095238095238093
Adept/Queen,21,0.38095238095238093
Baneling/Ravager,21,0.38095238095238093
Phoenix/Stalker,21,0.38095238095238093
Cyclone/Ultralisk,17,0.38235294117647056
SiegeTankSieged/Tempest,17,0.38235294117647056
Colossus/Marine,13,0.38461538461538464
Mutalisk/Oracle,26,0.38461538461538464
Corruptor/LurkerBurrowed,13,0.38461538461538464
Baneling/SiegeTank,13,0.38461538461538464
Immortal/Mutalisk,22,0.38636363636363635
Corruptor/Immortal,22,0.38636363636363635
Banshee/Ghost,22,0.38636363636363635
Archon/HighTemplar,22,0.38636363636363635
Hydralisk/Ravager,22,0.38636363636363635
Baneling/Ghost,31,0.3870967741935484
Infestor/Zergling,18,0.3888888888888889
Tempest/WidowMineBurrowed,9,0.3888888888888889
Liberator/Zealot,18,0.3888888888888889
Banshee/Stalker,9,0.3888888888888889
Baneling/Reaper,23,0.391304347826087
Adept/DarkTemplar,37,0.3918918918918919
Banshee/Zergling,14,0.39285714285714285
Adept/Ravager,14,0.39285714285714285
Ultralisk/Zergling,14,0.39285714285714285
DarkTemplar/Zealot,38,0.39473684210526316
Banshee/BroodLord,19,0.39473684210526316
Ghost/Zealot,19,0.39473684210526316
Colossus/Stalker,19,0.39473684210526316
BroodLord/VoidRay,34,0.39705882352941174
DarkTemplar/LurkerBurrowed,10,0.4
Cyclone/Oracle,20,0.4
Medivac/Zergling,5,0.4
Archon/Viking,5,0.4
BattleHellion/BroodLord,15,0.4
Colossus/Marauder,10,0.4
Carrier/SiegeTank,5,0.4
Marauder/Tempest,25,0.4
BattleHellion/Zergling,15,0.4
Mutalisk/SwarmHostBurrowed,15,0.4
Archon/Roach,15,0.4
ThorAP/Zealot,10,0.4
Immortal/LiberatorAG,5,0.4
Marauder/Mutalisk,15,0.4
SwarmHostBurrowed/WidowMineBurrowed,10,0.4
Baneling/Lurker,5,0.4
SiegeTank/ThorAP,5,0.4
Corruptor/Reaper,10,0.4
Banshee/Oracle,21,0.40476190476190477
Ghost/Hellion,21,0.40476190476190477
Corruptor/Mutalisk,21,0.40476190476190477
Colossus/Ultralisk,21,0.40476190476190477
SwarmHostBurrowed/ThorAP,16,0.40625
Banshee/Mutalisk,16,0.40625
Oracle/Stalker,16,0.40625
Baneling/Immortal,16,0.40625
Hellion/Queen,16,0.40625
BroodLord/Mutalisk,16,0.40625
DarkTemplar/WidowMineBurrowed,11,0.4090909090909091
ThorAP/VikingAssault,11,0.4090909090909091
Colossus/Zergling,11,0.4090909090909091
Cyclone/Mothership,11,0.4090909090909091
Archon/Corruptor,28,0.4107142857142857
Adept/VoidRay,17,0.4117647058823529
Queen/Zergling,17,0.4117647058823529
Queen/ThorAP,17,0.4117647058823529
Corruptor/Marauder,23,0.41304347826086957
Adept/Battlecruiser,23,0.41304347826086957
Immortal/SwarmHostBurrowed,12,0.4166666666666667
Reaper/Zealot,6,0.4166666666666667
Carrier/Viking,6,0.4166666666666667
Lurker/Marine,6,0.4166666666666667
Marine/Medivac,6,0.4166666666666667
Immortal/Ultralisk,18,0.4166666666666667
Mothership/Phoenix,12,0.4166666666666667
BattleHellion/Liberator,12,0.4166666666666667
Banshee/BattleHellion,12,0.4166666666666667
Oracle/Tempest,24,0.4166666666666667
Queen/Zealot,24,0.4166666666666667
Hellion/Mothership,6,0.4166666666666667
Thor/VoidRay,6,0.4166666666666667
Banshee/Corruptor,18,0.4166666666666667
LurkerBurrowed/Raven,6,0.4166666666666667
Mothership/Ravager,6,0.4166666666666667
BroodLord/Lurker,6,0.4166666666666667
Corruptor/LiberatorAG,6,0.4166666666666667
Hydralisk/Phoenix,19,0.42105263157894735
Hellion/Infestor,19,0.42105263157894735
HighTemplar/Immortal,26,0.4230769230769231
BroodLord/Cyclone,13,0.4230769230769231
Immortal/Roach,13,0.4230769230769231
Baneling/Oracle,13,0.4230769230769231
Oracle/SwarmHostBurrowed,13,0.4230769230769231
Medivac/Queen,20,0.425
BroodLord/Roach,20,0.425
Hydralisk/ThorAP,20,0.425
Mutalisk/Zealot,20,0.425
BattleHellion/VikingAssault,14,0.42857142857142855
Marine/Zergling,7,0.42857142857142855
Cyclone/Stalker,21,0.42857142857142855
Colossus/Lurker,7,0.42857142857142855
VikingAssault/Zergling,7,0.42857142857142855
Banshee/Carrier,29,0.43103448275862066
DarkTemplar/Hellion,22,0.4318181818181818
Ghost/Marine,22,0.4318181818181818
Immortal/Mothership,15,0.43333333333333335
Phoenix/SwarmHostBurrowed,15,0.43333333333333335
Immortal/Queen,23,0.43478260869565216
Immortal/Marine,23,0.43478260869565216
HighTemplar/Phoenix,32,0.4375
HighTemplar/Zealot,8,0.4375
BroodLord/Hellion,16,0.4375
Banshee/Immortal,16,0.4375
Marine/SwarmHostBurrowed,8,0.4375
Hellion/Liberator,16,0.4375
Adept/Stalker,16,0.4375
Archon/Hydralisk,25,0.44
Marine/Queen,25,0.44
Ghost/Ultralisk,25,0.44
Archon/Zealot,17,0.4411764705882353
Hellion/ThorAP,17,0.4411764705882353
HighTemplar/Marine,17,0.4411764705882353
BattleHellion/DarkTemplar,34,0.4411764705882353
Ravager/Stalker,17,0.4411764705882353
Corruptor/HighTemplar,17,0.4411764705882353
Colossus/Immortal,18,0.4444444444444444
LiberatorAG/Tempest,9,0.4444444444444444
HighTemplar/Roach,18,0.4444444444444444
Marauder/Zealot,9,0.4444444444444444
HighTemplar/SiegeTank,9,0.4444444444444444
Corruptor/Tempest,39,0.44871794871794873
BattleHellion/Ghost,20,0.45
Liberator/Marauder,10,0.45
Corruptor/Hellion,10,0.45
Carrier/WidowMineBurrowed,10,0.45
Mothership/Stalker,10,0.45
DarkTemplar/SiegeTankSieged,10,0.45
Mutalisk/Raven,31,0.45161290322580644
Adept/HighTemplar,21,0.4523809523809524
Reaper/Tempest,22,0.45454545454545453
Oracle/Phoenix,11,0.45454545454545453
Adept/BattleHellion,11,0.45454545454545453
Banshee/VoidRay,23,0.45652173913043476
HighTemplar/Stalker,23,0.45652173913043476
Colossus/Ghost,23,0.45652173913043476
BroodLord/HighTemplar,24,0.4583333333333333
DarkTemplar/Lurker,12,0.4583333333333333
HighTemplar/Liberator,12,0.4583333333333333
HighTemplar/VoidRay,24,0.4583333333333333
Adept/Phoenix,25,0.46
Oracle/ThorAP,13,0.46153846153846156
Marauder/Marine,13,0.46153846153846156
Archon/Stalker,27,0.46296296296296297
Oracle/Ravager,14,0.4642857142857143
Mutalisk/Roach,14,0.4642857142857143
Ravager/Zealot,15,0.4666666666666667
Phoenix/ThorAP,15,0.4666666666666667
Hydralisk/Ultralisk,15,0.4666666666666667
Liberator/Queen,16,0.46875
Ghost/Mothership,16,0.46875
BroodLord/Corruptor,33,0.4696969696969697
BattleHellion/Phoenix,17,0.47058823529411764
Cyclone/SwarmHostBurrowed,17,0.47058823529411764
Battlecruiser/Roach,18,0.4722222222222222
Corruptor/Marine,18,0.4722222222222222
ThorAP/Zergling,18,0.4722222222222222
Immortal/Oracle,18,0.4722222222222222
DarkTemplar/Roach,38,0.47368421052631576
Queen/Ravager,19,0.47368421052631576
Immortal/Infestor,20,0.475
Infestor/Roach,22,0.4772727272727273
BattleHellion/Tempest,22,0.4772727272727273
Stalker/VoidRay,24,0.4791666666666667
Marine/Phoenix,24,0.4791666666666667
Corruptor/ThorAP,24,0.4791666666666667
BattleHellion/VoidRay,25,0.48
DarkTemplar/Reaper,25,0.48
Corruptor/Oracle,25,0.48
Adept/Oracle,26,0.4807692307692308
Archon/Marauder,26,0.4807692307692308
Cyclone/Queen,26,0.4807692307692308
Archon/Raven,26,0.4807692307692308
DarkTemplar/HighTemplar,27,0.48148148148148145
Marauder/VoidRay,28,0.48214285714285715
HighTemplar/Queen,31,0.4838709677419355
Baneling/DarkTemplar,31,0.4838709677419355
DarkTemplar/Marauder,33,0.48484848484848486
BroodLord/Ultralisk,38,0.4868421052631579
Archon/Queen,40,0.4875
Hydralisk/Marauder,16,0.5
HighTemplar/Oracle,10,0.5
Mutalisk/Stalker,23,0.5
Viking/WidowMineBurrowed,3,0.5
BroodLord/Queen,23,0.5
Mothership/Tempest,16,0.5
Cyclone/DarkTemplar,50,0.5
Mothership/VikingAssault,6,0.5
Lurker/Oracle,5,0.5
Marine/Thor,2,0.5
Stalker/SwarmHostBurrowed,13,0.5
Marine/Zealot,19,0.5
Adept/Mothership,8,0.5
Oracle/Zealot,15,0.5
Baneling/HighTemplar,20,0.5
Raven/SiegeTankSieged,8,0.5
Oracle/Ultralisk,20,0.5
Hydralisk/Queen,22,0.5
Phoenix/Roach,26,0.5
Battlecruiser/Hellion,21,0.5
Carrier/LurkerBurrowed,14,0.5
Infestor/SwarmHostBurrowed,18,0.5
BattleHellion/Corruptor,12,0.5
LurkerBurrowed/Tempest,5,0.5
Archon/Zergling,20,0.5
Hydralisk/SiegeTank,7,0.5
Ravager/VikingAssault,12,0.5
Corruptor/Ravager,18,0.5
Cyclone/ThorAP,17,0.5
BattleHellion/SwarmHostBurrowed,8,0.5
Corruptor/WidowMineBurrowed,6,0.5
Colossus/Corruptor,15,0.5
Battlecruiser/SiegeTank,5,0.5
Adept/ThorAP,10,0.5
Battlecruiser/SiegeTankSieged,20,0.5
Immortal/Thor,6,0.5
Queen/Tempest,40,0.5
LiberatorAG/VikingAssault,6,0.5
Stalker/Zergling,15,0.5
Immortal/Tempest,23,0.5
Roach/ThorAP,14,0.5
Stalker/Thor,3,0.5
BroodLord/WidowMine,2,0.5
Hellion/Mutalisk,6,0.5
HighTemplar/Hydralisk,18,0.5
Stalker/ThorAP,6,0.5
Baneling/Zergling,18,0.5
BroodLord/LurkerBurrowed,5,0.5
Stalker/VikingAssault,8,0.5
Carrier/Ultralisk,30,0.5
HighTemplar/Lurker,5,0.5
Banshee/SiegeTankSieged,6,0.5
Roach/VikingAssault,10,0.5
Raven/WidowMine,2,0.5
Liberator/Tempest,12,0.5
DarkTemplar/SiegeTank,14,0.5
Marauder/Ultralisk,9,0.5
Lurker/Marauder,2,0.5
Archon/SiegeTankSieged,2,0.5
Ghost/Reaper,12,0.5
Lurker/Zealot,4,0.5
Cyclone/LiberatorAG,5,0.5
Baneling/SwarmHostBurrowed,8,0.5
Thor/WidowMineBurrowed,2,0.5
Archon/BattleHellion,14,0.5
Lurker/Ravager,6,0.5
SiegeTank/Thor,2,0.5
BroodLord/LiberatorAG,4,0.5
LiberatorAG/Raven,2,0.5
Adept/Corruptor,16,0.5
LurkerBurrowed/VoidRay,6,0.5
Adept/Marauder,6,0.5
Reaper/Thor,4,0.5
Baneling/Mothership,4,0.5
SwarmHostBurrowed/Thor,4,0.5
HighTemplar/Mothership,5,0.5
Carrier/SCV,1,0.5
Phoenix/Probe,1,0.5
Probe/VoidRay,2,0.5
Infestor/Overlord,1,0.5
Marauder/Overlord,2,0.5
Drone/Marine,2,0.5
Archon/Medivac,2,0.5
Drone/Reaper,1,0.5
LiberatorAG/Overlord,1,0.5
Overlord/Zergling,1,0.5
DarkTemplar/Drone,1,0.5
Corruptor/Probe,1,0.5
Banshee/Probe,1,0.5
Overlord/VoidRay,1,0.5
Adept/Overlord,1,0.5
DarkTemplar/Medivac,2,0.5
Medivac/Raven,1,0.5
Infestor/Medivac,1,0.5
BroodLord/Medivac,2,0.5
Battlecruiser/Medivac,1,0.5
LiberatorAG/Roach,1,0.5
LiberatorAG/Zergling,2,0.5
Phoenix/SiegeTank,2,0.5
BattleHellion/SiegeTank,1,0.5
Adept/WidowMine,2,0.5
Hellion/WidowMine,2,0.5
DarkTemplar/Immortal,46,0.5108695652173914
VoidRay/Zergling,31,0.5161290322580645
HighTemplar/Ultralisk,29,0.5172413793103449
Baneling/BroodLord,29,0.5172413793103449
Raven/Zealot,29,0.5172413793103449
Ghost/Queen,28,0.5178571428571429
Corruptor/VoidRay,27,0.5185185185185185
HighTemplar/Tempest,27,0.5185185185185185
Tempest/Ultralisk,27,0.5185185185185185
Mutalisk/VoidRay,26,0.5192307692307693
BroodLord/Stalker,26,0.5192307692307693
Tempest/ThorAP,26,0.5192307692307693
Colossus/HighTemplar,25,0.52
Stalker/Ultralisk,24,0.5208333333333334
Carrier/Hellion,22,0.5227272727272727
Mutalisk/Queen,22,0.5227272727272727
Stalker/Tempest,21,0.5238095238095238
BroodLord/Marine,21,0.5238095238095238
Marine/Ravager,19,0.5263157894736842
Archon/Mutalisk,19,0.5263157894736842
Battlecruiser/Mothership,18,0.5277777777777778
Battlecruiser/Marauder,18,0.5277777777777778
HighTemplar/Mutalisk,18,0.5277777777777778
Archon/VikingAssault,18,0.5277777777777778
Marine/Mutalisk,17,0.5294117647058824
Ghost/VikingAssault,17,0.5294117647058824
Ghost/Oracle,17,0.5294117647058824
Carrier/SiegeTankSieged,16,0.53125
Hydralisk/Tempest,32,0.53125
Corruptor/Queen,31,0.532258064516129
DarkTemplar/Liberator,31,0.532258064516129
Adept/Carrier,31,0.532258064516129
Carrier/Oracle,30,0.5333333333333333
BattleHellion/ThorAP,15,0.5333333333333333
DarkTemplar/Ultralisk,44,0.5340909090909091
DarkTemplar/Mothership,29,0.5344827586206896
Marine/Raven,28,0.5357142857142857
Mothership/VoidRay,14,0.5357142857142857
BattleHellion/Carrier,14,0.5357142857142857
HighTemplar/SwarmHostBurrowed,14,0.5357142857142857
Banshee/Tempest,14,0.5357142857142857
Raven/Zergling,26,0.5384615384615384
Adept/Ghost,13,0.5384615384615384
Immortal/VoidRay,26,0.5384615384615384
Phoenix/Reaper,13,0.5384615384615384
Phoenix/Ultralisk,25,0.54
Queen/Reaper,25,0.54
Banshee/SwarmHostBurrowed,12,0.5416666666666666
Colossus/ThorAP,12,0.5416666666666666
Immortal/Ravager,12,0.5416666666666666
Banshee/DarkTemplar,46,0.5434782608695652
BroodLord/Phoenix,23,0.5434782608695652
Baneling/Mutalisk,23,0.5434782608695652
Battlecruiser/BroodLord,45,0.5444444444444444
Reaper/VoidRay,22,0.5454545454545454
Cyclone/Reaper,11,0.5454545454545454
Baneling/Liberator,21,0.5476190476190477
BroodLord/Ghost,21,0.5476190476190477
Infestor/Marine,21,0.5476190476190477
Archon/VoidRay,31,0.5483870967741935
Carrier/Zealot,31,0.5483870967741935
Tempest/VoidRay,40,0.55
Banshee/Battlecruiser,30,0.55
Banshee/Raven,30,0.55
Banshee/ThorAP,10,0.55
Queen/Stalker,29,0.5517241379310345
Archon/Ultralisk,29,0.5517241379310345
BroodLord/Infestor,27,0.5555555555555556
DarkTemplar/Oracle,45,0.5555555555555556
HighTemplar/VikingAssault,9,0.5555555555555556
Archon/BroodLord,27,0.5555555555555556
DarkTemplar/LiberatorAG,9,0.5555555555555556
Colossus/Mothership,9,0.5555555555555556
Archon/Ghost,27,0.5555555555555556
Hydralisk/Liberator,18,0.5555555555555556
Hydralisk/Reaper,9,0.5555555555555556
Cyclone/Tempest,26,0.5576923076923077
Raven/ThorAP,26,0.5576923076923077
HighTemplar/Ravager,25,0.56
BattleHellion/Mutalisk,16,0.5625
VikingAssault/Zealot,8,0.5625
Raven/WidowMineBurrowed,8,0.5625
Archon/Hellion,16,0.5625
Baneling/Cyclone,24,0.5625
Mutalisk/Tempest,23,0.5652173913043478
Marine/Tempest,23,0.5652173913043478
Infestor/Marauder,23,0.5652173913043478
BroodLord/SwarmHostBurrowed,15,0.5666666666666667
Hydralisk/Oracle,15,0.5666666666666667
Ghost/Tempest,30,0.5666666666666667
Archon/Baneling,30,0.5666666666666667
SwarmHostBurrowed/VoidRay,15,0.5666666666666667
Archon/Liberator,15,0.5666666666666667
Battlecruiser/Corruptor,30,0.5666666666666667
BattleHellion/Marine,15,0.5666666666666667
Battlecruiser/Cyclone,30,0.5666666666666667
Adept/Cyclone,15,0.5666666666666667
Battlecruiser/Marine,22,0.5681818181818182
Adept/Tempest,22,0.5681818181818182
Colossus/DarkTemplar,43,0.5697674418604651
Carrier/SwarmHostBurrowed,28,0.5714285714285714
Reaper/ThorAP,7,0.5714285714285714
Baneling/Queen,21,0.5714285714285714
Immortal/Phoenix,35,0.5714285714285714
Lurker/ThorAP,7,0.5714285714285714
BroodLord/Ravager,21,0.5714285714285714
Ravager/VoidRay,21,0.5714285714285714
Tempest/Zealot,14,0.5714285714285714
Liberator/Mutalisk,7,0.5714285714285714
Archon/Colossus,21,0.5714285714285714
DarkTemplar/Hydralisk,41,0.573170731707317
Tempest/Zergling,20,0.575
Marine/ThorAP,26,0.5769230769230769
Infestor/Phoenix,26,0.5769230769230769
Carrier/Immortal,26,0.5769230769230769
Corruptor/Ghost,26,0.5769230769230769
Phoenix/Zealot,13,0.5769230769230769
BroodLord/DarkTemplar,51,0.5784313725490197
BattleHellion/Colossus,19,0.5789473684210527
Baneling/Corruptor,25,0.58
Ravager/Raven,31,0.5806451612903226
DarkTemplar/Marine,43,0.5813953488372093
BattleHellion/Infestor,12,0.5833333333333334
Ravager/Tempest,24,0.5833333333333334
Cyclone/Infestor,18,0.5833333333333334
Immortal/ThorAP,18,0.5833333333333334
Queen/SwarmHostBurrowed,18,0.5833333333333334
Lurker/Stalker,6,0.5833333333333334
Lurker/Phoenix,6,0.5833333333333334
Ghost/Hydralisk,23,0.5869565217391305
Infestor/Queen,23,0.5869565217391305
Ghost/Immortal,23,0.5869565217391305
Carrier/VikingAssault,17,0.5882352941176471
Archon/Cyclone,17,0.5882352941176471
Archon/Reaper,22,0.5909090909090909
Colossus/Mutalisk,11,0.5909090909090909
Banshee/Liberator,11,0.5909090909090909
Tempest/VikingAssault,11,0.5909090909090909
Banshee/Infestor,27,0.5925925925925926
Battlecruiser/Zergling,27,0.5925925925925926
Phoenix/VoidRay,37,0.5945945945945946
VikingAssault/VoidRay,21,0.5952380952380952
Ghost/Stalker,31,0.5967741935483871
Liberator/Marine,20,0.6
Archon/Thor,10,0.6
Roach/VoidRay,20,0.6
Colossus/LiberatorAG,5,0.6
Colossus/Thor,5,0.6
Ghost/Zergling,20,0.6
Infestor/SiegeTank,10,0.6
LiberatorAG/SiegeTankSieged,5,0.6
Marine/VikingAssault,5,0.6
Battlecruiser/Ultralisk,34,0.6029411764705882
DarkTemplar/VoidRay,48,0.6041666666666666
Banshee/Ultralisk,19,0.6052631578947368
Battlecruiser/HighTemplar,33,0.6060606060606061
Mothership/Raven,14,0.6071428571428571
DarkTemplar/Zergling,42,0.6071428571428571
Archon/Marine,28,0.6071428571428571
Queen/VikingAssault,14,0.6071428571428571
Cyclone/Liberator,14,0.6071428571428571
Archon/Immortal,23,0.6086956521739131
Oracle/Queen,23,0.6086956521739131
Battlecruiser/Hydralisk,18,0.6111111111111112
Battlecruiser/Immortal,36,0.6111111111111112
Mutalisk/VikingAssault,9,0.6111111111111112
Mutalisk/Ravager,9,0.6111111111111112
Raven/VikingAssault,17,0.6176470588235294
ThorAP/VoidRay,17,0.6176470588235294
Baneling/ThorAP,21,0.6190476190476191
Carrier/Marauder,25,0.62
Raven/SwarmHostBurrowed,25,0.62
Raven/Reaper,29,0.6206896551724138
Carrier/Reaper,29,0.6206896551724138
Baneling/VoidRay,33,0.6212121212121212
Colossus/Phoenix,16,0.625
Queen/SiegeTank,12,0.625
DarkTemplar/Ravager,44,0.625
Marine/Oracle,16,0.625
Infestor/Oracle,20,0.625
HighTemplar/WidowMineBurrowed,4,0.625
Hydralisk/Infestor,24,0.625
DarkTemplar/ThorAP,28,0.625
Corruptor/Raven,28,0.625
Battlecruiser/Tempest,36,0.625
SwarmHostBurrowed/Ultralisk,12,0.625
Ravager/SiegeTank,4,0.625
Lurker/Roach,4,0.625
HighTemplar/ThorAP,24,0.625
Infestor/Lurker,8,0.625
BroodLord/Thor,8,0.625
Roach/Thor,4,0.625
Carrier/Tempest,39,0.6282051282051282
BroodLord/Carrier,31,0.6290322580645161
Queen/Ultralisk,27,0.6296296296296297
BroodLord/ThorAP,23,0.6304347826086957
Mutalisk/Phoenix,23,0.6304347826086957
Archon/Oracle,19,0.631578947368421
Ghost/Infestor,19,0.631578947368421
Ghost/Marauder,19,0.631578947368421
Carrier/Phoenix,38,0.631578947368421
Phoenix/Ravager,19,0.631578947368421
DarkTemplar/Queen,53,0.6320754716981132
Hydralisk/VoidRay,34,0.6323529411764706
Corruptor/DarkTemplar,34,0.6323529411764706
Immortal/Liberator,15,0.6333333333333333
Ghost/Mutalisk,30,0.6333333333333333
Ghost/HighTemplar,26,0.6346153846153846
BroodLord/Tempest,26,0.6346153846153846
Marine/Ultralisk,11,0.6363636363636364
Infestor/Zealot,22,0.6363636363636364
Corruptor/Liberator,22,0.6363636363636364
SwarmHostBurrowed/VikingAssault,11,0.6363636363636364
Ghost/ThorAP,22,0.6363636363636364
Archon/ThorAP,11,0.6363636363636364
Infestor/VikingAssault,11,0.6363636363636364
Carrier/Ravager,29,0.6379310344827587
Battlecruiser/ThorAP,36,0.6388888888888888
Ultralisk/VoidRay,25,0.64
Medivac/Mutalisk,7,0.6428571428571429
Ghost/Medivac,7,0.6428571428571429
SiegeTank/Tempest,7,0.6428571428571429
Battlecruiser/Infestor,38,0.6447368421052632
Infestor/Tempest,31,0.6451612903225806
Baneling/Battlecruiser,24,0.6458333333333334
Battlecruiser/Liberator,24,0.6458333333333334
DarkTemplar/Mutalisk,34,0.6470588235294118
DarkTemplar/SwarmHostBurrowed,30,0.65
Immortal/Raven,30,0.65
DarkTemplar/Stalker,50,0.65
Mutalisk/Ultralisk,20,0.65
Ghost/Phoenix,20,0.65
HighTemplar/Infestor,30,0.65
Marauder/Oracle,10,0.65
Battlecruiser/Colossus,26,0.6538461538461539
Banshee/VikingAssault,13,0.6538461538461539
Carrier/ThorAP,16,0.65625
Infestor/ThorAP,16,0.65625
Battlecruiser/Mutalisk,32,0.65625
Baneling/Phoenix,16,0.65625
Carrier/Queen,38,0.6578947368421053
DarkTemplar/Infestor,44,0.6590909090909091
Cyclone/Mutalisk,22,0.6590909090909091
Hellion/Raven,22,0.6590909090909091
Infestor/Mutalisk,22,0.6590909090909091
Baneling/Carrier,25,0.66
Carrier/Zergling,25,0.66
Cyclone/VoidRay,25,0.66
Marauder/Raven,28,0.6607142857142857
Archon/Battlecruiser,28,0.6607142857142857
Raven/Stalker,34,0.6617647058823529
DarkTemplar/Ghost,45,0.6666666666666666
DarkTemplar/Tempest,51,0.6666666666666666
Adept/VikingAssault,9,0.6666666666666666
Archon/Banshee,21,0.6666666666666666
Ghost/Ravager,21,0.6666666666666666
Infestor/Ultralisk,21,0.6666666666666666
Archon/Tempest,30,0.6666666666666666
Liberator/Roach,18,0.6666666666666666
Cyclone/Marine,18,0.6666666666666666
Battlecruiser/Thor,3,0.6666666666666666
Liberator/Oracle,12,0.6666666666666666
LiberatorAG/Queen,3,0.6666666666666666
Hellion/Roach,6,0.6666666666666666
Raven/Roach,18,0.6666666666666666
BattleHellion/LiberatorAG,3,0.6666666666666666
Ultralisk/WidowMine,6,0.6666666666666666
Oracle/Thor,3,0.6666666666666666
Roach/SiegeTank,3,0.6666666666666666
Cyclone/Thor,6,0.6666666666666666
Cyclone/SiegeTank,3,0.6666666666666666
VoidRay/WidowMine,3,0.6666666666666666
Thor/Viking,3,0.6666666666666666
Carrier/Stalker,29,0.6724137931034483
Adept/Raven,26,0.6730769230769231
DarkTemplar/Phoenix,43,0.6744186046511628
Carrier/VoidRay,34,0.6764705882352942
Liberator/Ultralisk,17,0.6764705882352942
Colossus/Raven,31,0.6774193548387096
HighTemplar/Raven,31,0.6774193548387096
Carrier/Colossus,28,0.6785714285714286
Battlecruiser/Oracle,25,0.68
BattleHellion/Battlecruiser,22,0.6818181818181818
Liberator/Phoenix,22,0.6818181818181818
Liberator/Ravager,11,0.6818181818181818
Battlecruiser/Stalker,19,0.6842105263157895
Battlecruiser/SwarmHostBurrowed,19,0.6842105263157895
Oracle/VoidRay,19,0.6842105263157895
Phoenix/Queen,27,0.6851851851851852
Queen/Raven,35,0.6857142857142857
Ravager/ThorAP,16,0.6875
Battlecruiser/VikingAssault,16,0.6875
Phoenix/VikingAssault,16,0.6875
Liberator/Stalker,8,0.6875
Hellion/Immortal,8,0.6875
Archon/DarkTemplar,58,0.6896551724137931
Carrier/HighTemplar,29,0.6896551724137931
Battlecruiser/LurkerBurrowed,13,0.6923076923076923
Baneling/Stalker,26,0.6923076923076923
Cyclone/Ghost,26,0.6923076923076923
Colossus/Infestor,26,0.6923076923076923
Phoenix/Raven,44,0.6931818181818182
Battlecruiser/Queen,31,0.6935483870967742
Infestor/Liberator,18,0.6944444444444444
Cyclone/HighTemplar,23,0.6956521739130435
Banshee/Queen,23,0.6956521739130435
Cyclone/Raven,23,0.6956521739130435
Baneling/Tempest,28,0.6964285714285714
Phoenix/Tempest,28,0.6964285714285714
Liberator/VoidRay,28,0.6964285714285714
Archon/Carrier,33,0.696969696969697
Baneling/Infestor,30,0.7
Carrier/Hydralisk,25,0.7
Ghost/SiegeTank,5,0.7
BattleHellion/Lurker,5,0.7
Cyclone/Lurker,5,0.7
Mutalisk/ThorAP,15,0.7
Raven/VoidRay,37,0.7027027027027027
Baneling/Marine,17,0.7058823529411765
VoidRay/Zealot,17,0.7058823529411765
Ghost/Liberator,17,0.7058823529411765
SwarmHostBurrowed/Tempest,12,0.7083333333333334
Battlecruiser/Ravager,19,0.7105263157894737
Carrier/Marine,26,0.7115384615384616
Battlecruiser/Phoenix,33,0.7121212121212122
Battlecruiser/Ghost,40,0.7125
Battlecruiser/VoidRay,40,0.7125
ThorAP/Ultralisk,21,0.7142857142857143
HighTemplar/Thor,7,0.7142857142857143
Carrier/Infestor,35,0.7142857142857143
Baneling/WidowMine,7,0.7142857142857143
Phoenix/Thor,7,0.7142857142857143
Battlecruiser/DarkTemplar,53,0.7169811320754716
Carrier/Corruptor,41,0.7195121951219512
Corruptor/VikingAssault,9,0.7222222222222222
Archon/Infestor,20,0.725
Battlecruiser/Reaper,20,0.725
Ultralisk/VikingAssault,11,0.7272727272727273
Infestor/Stalker,26,0.7307692307692307
Carrier/DarkTemplar,43,0.7325581395348837
BroodLord/Liberator,17,0.7352941176470589
Ghost/VoidRay,19,0.7368421052631579
Carrier/Cyclone,25,0.74
Carrier/Mutalisk,33,0.7424242424242424
DarkTemplar/Raven,51,0.7450980392156863
Oracle/Raven,32,0.75
Baneling/VikingAssault,16,0.75
DarkTemplar/Thor,6,0.75
Liberator/ThorAP,12,0.75
Carrier/Mothership,14,0.75
Battlecruiser/WidowMineBurrowed,10,0.75
Corruptor/WidowMine,2,0.75
LiberatorAG/Stalker,4,0.75
Tempest/Thor,6,0.75
Queen/VoidRay,24,0.75
Cyclone/VikingAssault,6,0.75
Ghost/Thor,6,0.75
BattleHellion/Thor,4,0.75
Medivac/Oracle,2,0.75
Liberator/SiegeTankSieged,2,0.75
Lurker/Zergling,2,0.75
Hydralisk/Raven,31,0.7580645161290323
Infestor/Raven,48,0.7604166666666666
Baneling/Raven,21,0.7619047619047619
Carrier/Roach,21,0.7619047619047619
Infestor/Ravager,19,0.7631578947368421
Raven/Ultralisk,32,0.765625
Carrier/Ghost,28,0.7678571428571429
Oracle/VikingAssault,13,0.7692307692307693
Archon/Phoenix,24,0.7708333333333334
BroodLord/VikingAssault,11,0.7727272727272727
Carrier/Liberator,22,0.7727272727272727
BroodLord/Raven,29,0.7758620689655172
Battlecruiser/Carrier,50,0.78
Banshee/Hydralisk,12,0.7916666666666666
Infestor/VoidRay,32,0.796875
Baneling/Thor,5,0.8
VikingAssault/WidowMineBurrowed,5,0.8
Carrier/Medivac,5,0.8
Raven/SiegeTank,5,0.8
BattleHellion/Raven,23,0.8043478260869565
DarkTemplar/VikingAssault,13,0.8076923076923077
Ghost/Raven,24,0.8125
Lurker/Mutalisk,3,0.8333333333333334
Liberator/Raven,12,0.8333333333333334
LiberatorAG/ThorAP,3,0.8333333333333334
Archon/Mothership,3,0.8333333333333334
Archon/SiegeTank,3,0.8333333333333334
Liberator/Mothership,3,0.8333333333333334
Thor/Ultralisk,10,0.85
Battlecruiser/Raven,45,0.8555555555555555
Lurker/Raven,7,0.8571428571428571
Carrier/Raven,41,0.8658536585365854
Raven/Tempest,40,0.875
Colossus/VikingAssault,8,0.875
Mothership/Thor,4,0.875
Medivac/Tempest,4,0.875
Ghost/Lurker,5,0.9
Raven/Thor,5,0.9
SiegeTank/SiegeTankSieged,5,0.9
Carrier/Thor,7,0.9285714285714286
Corruptor/Lurker,2,1.0
Thor/Zealot,3,1.0
Lurker/VikingAssault,1,1.0
Ravager/Thor,3,1.0
Lurker/WidowMine,1,1.0
LiberatorAG/Ultralisk,2,1.0
Battlecruiser/WidowMine,3,1.0
Liberator/Thor,3,1.0
Roach/WidowMine,2,1.0
Carrier/WidowMine,1,1.0
Mutalisk/Thor,3,1.0
Marauder/Thor,1,1.0
Lurker/Tempest,2,1.0
LiberatorAG/Reaper,1,1.0
Oracle/SiegeTankSieged,1,1.0
Carrier/LiberatorAG,1,1.0
Liberator/WidowMine,1,1.0
Archon/WidowMine,2,1.0
Reaper/WidowMine,1,1.0
Lurker/Thor,1,1.0
Colossus/WidowMine,2,1.0
LiberatorAG/Oracle,1,1.0
Liberator/LiberatorAG,1,1.0
Battlecruiser/Overlord,1,1.0
Marine/Overlord,1,1.0
Probe/Tempest,1,1.0
Ghost/Probe,1,1.0
Archon/Probe,1,1.0
Marine/Probe,1,1.0
Overlord/Ultralisk,1,1.0
Cyclone/Probe,1,1.0
Drone/Stalker,1,1.0
Colossus/Drone,1,1.0
Liberator/Medivac,1,1.0
WidowMine/Zealot,2,1.0
Baneling/SCV,1,1.0
Liberator/SCV,1,1.0
Liberator/VikingAssault,3,1.0
SiegeTank/Stalker,2,1.0
BattleHellion/WidowMine,1,1.0
Ghost/WidowMine,1,1.0
Ravager/WidowMine,1,1.0
Tempest/WidowMine,1,1.0
Lurker/Reaper,2,1.0
Adept/Thor,2,1.0
Immortal/WidowMine,2,1.0
Hydralisk/WidowMine,1,1.0
Cyclone/WidowMine,1,1.0
ThorAP/WidowMine,1,1.0
Oracle/WidowMine,1,1.0
